City_ID,City,Country,Date,Lat,Lng,Max Temp,Humidity,Cloudiness,Wind Speed
0,Ushuaia,AR,2020-06-18 19:57:59,-54.8,-68.3,35.6,64,27,7.18
1,Gazanjyk,TM,2020-06-18 19:57:59,39.24,55.52,85.17,13,0,14.18
2,Puerto Ayora,EC,2020-06-18 19:57:59,-0.74,-90.35,84.2,51,50,9.17
3,Albany,US,2020-06-18 19:57:59,42.6,-73.97,88.0,57,39,1.99
4,Jamestown,US,2020-06-18 19:49:35,42.1,-79.24,80.6,54,75,9.17
5,Hobart,AU,2020-06-18 19:53:11,-42.88,147.33,39.99,100,100,4.7
6,Bereda,ES,2020-06-18 19:58:00,43.27,-7.54,61.0,82,33,4.0
7,Carndonagh,IE,2020-06-18 19:58:00,55.25,-7.27,58.89,86,100,3.67
8,Saint-Philippe,RE,2020-06-18 19:49:46,-21.36,55.77,71.6,68,40,12.75
9,Busselton,AU,2020-06-18 19:49:47,-33.65,115.33,41.0,97,51,3.42
10,Ostersund,SE,2020-06-18 19:58:01,63.18,14.64,68.0,45,0,10.29
11,San Quintin,MX,2020-06-18 19:58:01,30.48,-115.95,66.99,62,0,11.95
12,Cape Town,ZA,2020-06-18 19:53:05,-33.93,18.42,59.0,58,0,10.29
13,Clifton,US,2020-06-18 19:57:51,40.86,-74.16,80.01,69,90,9.17
14,Cape Coast,GH,2020-06-18 19:58:01,5.11,-1.25,76.23,88,100,7.52
15,Torbay,CA,2020-06-18 19:58:01,47.67,-52.73,68.0,60,90,11.41
16,Antofagasta,CL,2020-06-18 19:55:13,-23.65,-70.4,60.8,82,40,14.99
17,Pisco,PE,2020-06-18 19:58:02,-13.7,-76.22,68.0,68,75,6.93
18,Chuy,UY,2020-06-18 19:50:33,-33.7,-53.46,62.62,78,26,13.85
19,Posse,BR,2020-06-18 19:58:02,-14.09,-46.37,75.63,49,0,6.93
20,Nhulunbuy,AU,2020-06-18 19:51:25,-12.23,136.77,77.31,81,82,14.65
21,Port Alfred,ZA,2020-06-18 19:58:03,-33.59,26.89,57.0,79,0,7.0
22,Atuona,PF,2020-06-18 19:50:34,-9.8,-139.03,80.1,76,20,11.18
23,Punta Arenas,CL,2020-06-18 19:49:43,-53.15,-70.92,41.0,80,90,12.75
24,Tanete,ID,2020-06-18 19:58:03,-3.94,119.78,75.43,92,100,5.68
25,Kalabo,ZM,2020-06-18 19:58:03,-14.97,22.68,57.79,52,0,7.83
26,Bethel,US,2020-06-18 19:50:55,41.37,-73.41,81.0,57,40,11.41
27,Hermanus,ZA,2020-06-18 19:58:04,-34.42,19.23,51.01,75,0,1.01
28,Klaksvik,FO,2020-06-18 19:50:53,62.23,-6.59,48.2,100,100,5.82
29,Ilulissat,GL,2020-06-18 19:45:28,69.22,-51.1,33.8,64,90,6.93
30,Beisfjord,NO,2020-06-18 19:58:05,68.38,17.6,50.0,71,67,21.92
31,Lebu,CL,2020-06-18 19:46:19,-37.62,-73.65,53.94,91,100,16.62
32,Victoria,HK,2020-06-18 19:58:05,22.29,114.16,84.0,74,100,4.0
33,Rocha,UY,2020-06-18 19:50:08,-34.48,-54.33,59.02,78,100,13.24
34,Kupang,ID,2020-06-18 19:58:05,-10.17,123.58,75.99,82,99,12.75
35,Tshikapa,CD,2020-06-18 19:50:11,-6.42,20.8,69.91,34,15,1.83
36,San Patricio,MX,2020-06-18 19:58:06,19.22,-104.7,86.0,74,20,11.41
37,Hithadhoo,MV,2020-06-18 19:48:34,-0.6,73.08,84.4,77,100,9.42
38,Xining,CN,2020-06-18 19:58:06,36.62,101.77,59.52,54,100,2.82
39,Narsaq,GL,2020-06-18 19:50:30,60.92,-46.05,46.4,61,40,9.17
40,Beloha,MG,2020-06-18 19:58:07,-25.17,45.05,63.82,81,2,14.32
41,Mahebourg,MU,2020-06-18 19:58:07,-20.41,57.7,71.6,68,75,10.29
42,Siocon,PH,2020-06-18 19:58:07,7.71,122.14,79.7,81,100,4.16
43,Bluff,NZ,2020-06-18 19:50:57,-46.6,168.33,39.0,83,0,3.0
44,Avarua,CK,2020-06-18 19:46:24,-21.21,-159.78,73.4,69,47,10.29
45,Tiksi,RU,2020-06-18 19:50:32,71.69,128.87,52.03,76,100,5.68
46,Rikitea,PF,2020-06-18 19:58:08,-23.12,-134.97,76.01,85,100,16.24
47,Freeport,US,2020-06-18 19:53:19,40.66,-73.58,78.01,73,90,10.29
48,Fortuna,US,2020-06-18 19:58:09,40.6,-124.16,64.4,77,20,12.75
49,New Norfolk,AU,2020-06-18 19:50:04,-42.78,147.06,41.0,85,100,2.17
50,Hilo,US,2020-06-18 19:56:02,19.73,-155.09,80.6,65,20,8.43
51,Americus,US,2020-06-18 19:58:09,32.07,-84.23,86.0,42,90,4.43
52,Dikson,RU,2020-06-18 19:50:11,73.51,80.55,33.3,94,93,16.17
53,Longyearbyen,SJ,2020-06-18 19:58:10,78.22,15.64,44.6,65,75,8.05
54,Nyurba,RU,2020-06-18 19:58:10,63.28,118.33,50.56,96,15,4.05
55,Chokurdakh,RU,2020-06-18 19:49:43,70.63,147.92,77.02,38,71,5.14
56,Bredasdorp,ZA,2020-06-18 19:57:31,-34.53,20.04,48.2,87,0,4.76
57,Luderitz,NA,2020-06-18 19:51:09,-26.65,15.16,75.2,22,0,9.17
58,Caravelas,BR,2020-06-18 19:50:21,-17.71,-39.25,72.5,89,3,8.32
59,Thompson,CA,2020-06-18 19:53:35,55.74,-97.86,37.4,93,90,11.41
60,Kiunga,PG,2020-06-18 19:50:40,-6.12,141.29,72.46,99,85,2.06
61,Teya,RU,2020-06-18 19:58:11,60.38,92.63,54.03,71,90,3.42
62,Ostrovnoy,RU,2020-06-18 19:51:03,68.05,39.51,56.66,63,100,7.96
63,Naantali,FI,2020-06-18 19:58:11,60.47,22.02,66.2,63,0,3.36
64,Tuatapere,NZ,2020-06-18 19:51:56,-46.13,167.68,39.0,83,21,3.0
65,Anchorage,US,2020-06-18 19:49:23,61.22,-149.9,63.0,48,20,4.7
66,Cockburn Town,TC,2020-06-18 19:50:37,21.46,-71.14,86.0,62,40,14.99
67,Mao,ES,2020-06-18 19:58:12,39.89,4.27,69.8,73,0,4.7
68,North Battleford,CA,2020-06-18 19:58:12,52.78,-108.28,59.0,44,1,13.87
69,Leshukonskoye,RU,2020-06-18 19:58:13,64.9,45.76,54.73,65,100,5.46
70,Lisieux,FR,2020-06-18 19:58:13,49.17,0.17,62.6,93,100,9.17
71,Mar Del Plata,AR,2020-06-18 19:58:13,-38.0,-57.56,59.0,82,75,10.29
72,Karpathos,GR,2020-06-18 19:50:54,35.51,27.21,71.6,83,0,18.34
73,Saint Anthony,US,2020-06-18 19:55:35,45.02,-93.22,84.0,57,1,14.99
74,Clyde River,CA,2020-06-18 19:48:33,70.47,-68.59,33.8,88,90,10.29
75,Butaritari,KI,2020-06-18 19:46:02,3.07,172.79,83.07,63,100,6.06
76,Solnechnyy,RU,2020-06-18 19:58:14,50.72,136.63,43.77,93,100,6.29
77,Sitka,US,2020-06-18 19:58:14,57.05,-135.33,53.6,93,90,9.17
78,Port-Cartier,CA,2020-06-18 19:58:14,50.03,-66.87,82.4,39,75,5.82
79,Aklavik,CA,2020-06-18 19:51:44,68.22,-135.01,59.0,67,75,5.82
80,Tadine,NC,2020-06-18 19:58:15,-21.55,167.88,71.35,82,70,13.62
81,Inhambane,MZ,2020-06-18 19:51:48,-23.86,35.38,67.24,81,1,10.85
82,Tuktoyaktuk,CA,2020-06-18 19:50:21,69.45,-133.04,44.6,93,90,10.29
83,Takoradi,GH,2020-06-18 19:58:16,4.88,-1.76,77.43,87,100,8.28
84,Hofn,IS,2020-06-18 19:50:15,64.25,-15.21,49.01,84,0,3.33
85,Whitehorse,CA,2020-06-18 19:57:27,60.72,-135.05,59.0,51,75,11.41
86,Mwinilunga,ZM,2020-06-18 19:58:17,-11.74,24.43,53.98,60,0,4.74
87,San Cristobal,VE,2020-06-18 19:50:07,7.77,-72.22,84.2,70,75,12.75
88,Ankpa,NG,2020-06-18 19:58:17,7.37,7.63,72.99,95,99,3.53
89,Hasaki,JP,2020-06-18 19:50:00,35.73,140.83,64.0,100,75,3.36
90,Quatre Cocos,MU,2020-06-18 19:50:48,-20.21,57.76,71.6,68,75,10.29
91,Nantucket,US,2020-06-18 19:58:18,41.28,-70.1,71.01,93,90,8.05
92,Airai,TL,2020-06-18 19:50:04,-8.93,125.41,58.78,100,82,4.23
93,Hoa Binh,VN,2020-06-18 19:58:19,20.81,105.34,82.4,83,0,5.82
94,Kodiak,US,2020-06-18 19:46:08,57.79,-152.41,50.0,87,90,10.29
95,San Joaquin,VE,2020-06-18 19:58:19,10.26,-67.79,80.26,75,80,6.98
96,Safford,US,2020-06-18 19:58:19,32.83,-109.71,93.2,7,1,4.7
97,Ponta Do Sol,PT,2020-06-18 19:49:11,32.67,-17.1,71.6,68,20,10.29
98,Vangaindrano,MG,2020-06-18 19:58:20,-23.35,47.6,66.2,88,90,6.29
99,Hobyo,SO,2020-06-18 19:50:05,5.35,48.53,79.5,74,75,27.54
100,Barrow,US,2020-06-18 19:57:30,71.29,-156.79,46.4,65,1,8.05
101,Saskylakh,RU,2020-06-18 19:50:24,71.92,114.08,64.53,60,3,6.73
102,Kermanshah,IR,2020-06-18 19:58:21,34.31,47.06,77.0,13,0,11.41
103,La Libertad,EC,2020-06-18 19:58:21,-2.23,-80.9,78.8,78,75,11.41
104,Esperance,AU,2020-06-18 19:50:03,-33.87,121.9,46.4,93,40,11.41
105,Talas,TR,2020-06-18 19:58:21,38.69,35.55,59.0,82,75,8.05
106,Yellowknife,CA,2020-06-18 19:50:02,62.46,-114.35,64.0,62,20,16.11
107,Del Rio,US,2020-06-18 19:58:22,29.36,-100.9,91.4,52,20,12.75
108,Baoqing,CN,2020-06-18 19:58:22,46.33,132.21,46.8,96,0,5.23
109,Mollendo,PE,2020-06-18 19:58:22,-17.02,-72.01,63.23,78,100,4.5
110,Naraini,IN,2020-06-18 19:58:22,25.18,80.48,88.48,56,99,16.08
111,Georgetown,MY,2020-06-18 19:57:26,5.41,100.34,84.2,79,20,3.36
112,Leningradskiy,RU,2020-06-18 19:50:37,69.38,178.42,43.63,62,94,6.4
113,Lakatoro,VU,2020-06-18 19:58:23,-16.1,167.42,77.0,78,75,6.93
114,Hastings,GB,2020-06-18 19:58:23,50.86,0.57,63.0,85,0,3.0
115,Cabo San Lucas,MX,2020-06-18 19:45:56,22.89,-109.91,93.2,40,20,8.05
116,East London,ZA,2020-06-18 19:55:23,-33.02,27.91,63.99,62,0,14.12
117,Mataura,NZ,2020-06-18 19:50:11,-46.19,168.86,39.0,83,0,3.0
118,Alice Springs,AU,2020-06-18 19:55:55,-23.7,133.88,52.0,49,0,4.7
119,Loandjili,CG,2020-06-18 19:58:24,-4.76,11.86,75.2,88,20,3.36
120,Qaanaaq,GL,2020-06-18 19:49:59,77.48,-69.36,35.26,85,0,1.52
121,Oussouye,SN,2020-06-18 19:50:47,12.48,-16.55,89.6,83,27,11.41
122,Issenye,TZ,2020-06-18 19:58:25,-2.0,34.33,67.68,68,49,2.98
123,Kapaa,US,2020-06-18 19:49:55,22.08,-159.32,75.99,100,90,20.8
124,Talnakh,RU,2020-06-18 19:51:07,69.49,88.4,42.8,75,84,13.42
125,Karaman,TR,2020-06-18 19:58:25,37.08,33.25,60.15,65,66,6.22
126,Non Sang,TH,2020-06-18 19:58:25,16.87,102.57,78.8,88,75,3.36
127,Mount Gambier,AU,2020-06-18 19:50:10,-37.83,140.77,51.8,71,84,17.22
128,Kirkwall,GB,2020-06-18 19:55:39,58.98,-2.96,53.6,93,100,10.29
129,Auch,FR,2020-06-18 19:58:26,43.65,0.58,66.0,67,5,4.52
130,Chenzhou,CN,2020-06-18 19:58:26,25.8,113.03,76.41,86,100,3.98
131,Oda,JP,2020-06-18 19:50:27,35.18,132.5,66.2,90,97,6.87
132,Aitape,PG,2020-06-18 19:51:15,-3.14,142.35,78.1,82,0,3.98
133,Codrington,AU,2020-06-18 19:50:27,-38.27,141.97,51.82,74,100,16.91
134,Cuiluan,CN,2020-06-18 19:58:27,47.72,128.65,49.03,91,96,2.06
135,Praia Da Vitoria,PT,2020-06-18 19:50:23,38.73,-27.07,71.6,64,20,6.11
136,Ancud,CL,2020-06-18 19:50:36,-41.87,-73.82,51.8,87,75,17.22
137,Paamiut,GL,2020-06-18 19:56:27,61.99,-49.67,38.97,84,83,13.56
138,Krasnoselkup,RU,2020-06-18 19:51:00,65.7,82.47,43.36,61,100,16.31
139,Malabo,GQ,2020-06-18 19:58:28,3.75,8.78,77.0,88,75,3.36
140,Avera,US,2020-06-18 19:50:22,33.19,-82.53,84.2,51,90,6.93
141,Srednekolymsk,RU,2020-06-18 19:51:17,67.45,153.68,80.08,24,25,1.32
142,Oskarshamn,SE,2020-06-18 19:58:29,57.26,16.45,59.0,81,0,8.84
143,Grand Gaube,MU,2020-06-18 19:58:29,-20.01,57.66,69.01,78,98,7.0
144,Sao Joao Da Barra,BR,2020-06-18 19:56:00,-21.64,-41.05,77.0,61,44,13.87
145,Yeppoon,AU,2020-06-18 19:58:29,-23.13,150.73,62.6,82,34,8.05
146,Provideniya,RU,2020-06-18 19:49:58,64.38,-173.3,57.2,62,0,4.47
147,Geraldton,AU,2020-06-18 19:45:55,-28.77,114.6,51.8,81,0,5.82
148,Divnogorsk,RU,2020-06-18 19:58:30,55.96,92.36,59.0,93,40,13.42
149,Bambous Virieux,MU,2020-06-18 19:57:50,-20.34,57.76,71.6,68,75,10.29
150,Sao Jose Da Coroa Grande,BR,2020-06-18 19:58:30,-8.9,-35.15,78.13,80,14,10.69
151,Angoche,MZ,2020-06-18 19:58:31,-16.23,39.91,71.44,84,0,9.19
152,Oktyabrskiy,RU,2020-06-18 19:58:31,54.48,53.47,48.16,81,0,5.61
153,Viedma,AR,2020-06-18 19:57:56,-40.81,-63.0,58.84,38,100,14.94
154,Touros,BR,2020-06-18 19:58:31,-5.2,-35.46,75.2,94,90,9.17
155,Thinadhoo,MV,2020-06-18 19:50:01,0.53,72.93,84.04,73,90,3.8
156,Ryazanovskiy,RU,2020-06-18 19:58:32,55.55,39.43,65.37,96,11,5.59
157,Acarau,BR,2020-06-18 19:58:32,-2.89,-40.12,81.75,76,45,11.83
158,Nikolskoye,RU,2020-06-18 19:45:58,59.7,30.79,68.0,72,75,4.47
159,Norman Wells,CA,2020-06-18 19:58:32,65.28,-126.83,73.4,40,75,9.17
160,Tondano,ID,2020-06-18 19:58:33,1.3,124.91,75.2,94,40,2.24
161,Port Elizabeth,ZA,2020-06-18 19:49:58,-33.92,25.57,57.2,82,0,6.93
162,Lata,PT,2020-06-18 19:58:33,40.16,-8.33,64.0,68,0,8.01
163,Okhotsk,RU,2020-06-18 19:51:03,59.38,143.3,45.59,91,98,4.68
164,Shimoda,JP,2020-06-18 19:58:33,34.67,138.95,59.0,94,100,16.2
165,Alofi,NU,2020-06-18 19:51:05,-19.06,-169.92,73.4,73,49,17.22
166,Malakal,SS,2020-06-18 19:51:42,9.53,31.66,70.38,92,100,0.96
167,Waingapu,ID,2020-06-18 19:50:11,-9.66,120.26,75.22,84,3,11.18
168,Denpasar,ID,2020-06-18 19:58:34,-8.65,115.22,80.6,94,20,20.8
169,Lorengau,PG,2020-06-18 19:50:19,-2.02,147.27,81.77,80,30,9.06
170,Arraial Do Cabo,BR,2020-06-18 19:57:42,-22.97,-42.03,75.2,64,10,16.11
171,Lagoa,PT,2020-06-18 19:51:16,39.05,-27.98,65.19,90,2,12.48
172,Dunedin,NZ,2020-06-18 19:50:26,-45.87,170.5,44.01,75,62,10.0
173,Kuloy,RU,2020-06-18 19:58:35,61.03,42.49,55.24,69,0,6.31
174,Dondo,MZ,2020-06-18 19:58:35,-19.61,34.74,66.2,93,75,8.05
175,Bjornevatn,NO,2020-06-18 19:58:35,69.67,29.98,53.6,62,61,9.17
176,Isangel,VU,2020-06-18 19:51:41,-19.55,169.27,66.2,100,20,11.63
177,Dakar,SN,2020-06-18 19:58:36,14.69,-17.44,82.4,88,0,16.11
178,Camopi,GF,2020-06-18 19:58:36,3.17,-52.32,78.75,94,100,3.67
179,Pevek,RU,2020-06-18 19:50:00,69.7,170.31,40.55,73,0,10.27
180,Iquitos,PE,2020-06-18 19:58:36,-3.75,-73.25,86.0,70,75,5.82
181,Pitman,US,2020-06-18 19:54:09,39.73,-75.13,81.0,61,40,8.05
182,Praia,CV,2020-06-18 19:51:02,14.92,-23.51,84.2,54,0,26.4
183,Lavrentiya,RU,2020-06-18 19:50:52,65.58,-171.0,50.95,59,0,3.98
184,Henties Bay,NA,2020-06-18 19:51:46,-22.12,14.28,73.0,48,0,8.1
185,Kununurra,AU,2020-06-18 19:58:37,-15.77,128.73,60.8,39,0,3.36
186,Jacmel,HT,2020-06-18 19:58:37,18.23,-72.53,89.6,59,75,17.22
187,Scarborough,GB,2020-06-18 19:58:38,54.28,-0.4,57.0,96,100,7.07
188,Little Current,CA,2020-06-18 19:58:38,45.98,-81.92,79.0,45,0,4.0
189,Xuddur,SO,2020-06-18 19:58:38,4.12,43.89,74.34,78,1,19.46
190,Lumphat,KH,2020-06-18 19:58:38,13.49,106.98,73.78,96,0,1.86
191,Dingle,PH,2020-06-18 19:49:56,11.0,122.67,75.81,92,100,5.61
192,Vao,NC,2020-06-18 19:50:37,-22.67,167.48,71.67,78,87,15.75
193,Kavieng,PG,2020-06-18 19:57:32,-2.57,150.8,82.47,72,31,4.09
194,Portland,US,2020-06-18 19:57:57,45.52,-122.68,73.99,61,23,1.01
195,Ribeira Grande,PT,2020-06-18 19:46:04,38.52,-28.7,64.4,88,75,9.17
196,Tecoanapa,MX,2020-06-18 19:58:40,16.52,-98.75,88.7,60,54,13.0
197,Laguna,US,2020-06-18 19:50:12,38.42,-121.42,91.99,14,1,8.05
198,Nome,US,2020-06-18 19:58:40,64.5,-165.41,64.0,67,1,11.41
199,Gravelbourg,CA,2020-06-18 19:58:40,49.88,-106.55,52.48,66,96,13.76
200,Januaria,BR,2020-06-18 19:58:41,-15.48,-44.37,76.75,47,0,3.0
201,Poplar Bluff,US,2020-06-18 19:58:41,36.76,-90.39,86.0,39,40,4.7
202,Damavand,IR,2020-06-18 19:58:41,35.72,52.06,86.0,15,0,4.7
203,Katsuura,JP,2020-06-18 19:51:25,35.13,140.3,68.0,93,75,5.82
204,Puerto Narino,CO,2020-06-18 19:58:41,-3.77,-70.38,87.8,70,40,3.36
205,Khatanga,RU,2020-06-18 19:50:30,71.97,102.5,52.07,61,55,11.88
206,Ribas Do Rio Pardo,BR,2020-06-18 19:58:42,-20.44,-53.76,82.24,44,22,7.38
207,Vaini,TO,2020-06-18 19:46:01,-21.2,-175.2,69.8,83,20,9.17
208,El Cope,PA,2020-06-18 19:58:42,8.62,-80.6,87.8,79,40,5.82
209,Codajas,BR,2020-06-18 19:58:42,-3.84,-62.06,84.63,84,98,2.15
210,Los Llanos De Aridane,ES,2020-06-18 19:50:51,28.66,-17.92,73.4,78,20,13.87
211,Beckley,US,2020-06-18 19:54:27,37.78,-81.19,64.4,100,90,6.93
212,Severo-Kurilsk,RU,2020-06-18 19:50:15,50.68,156.12,42.46,86,82,8.81
213,Saldanha,ZA,2020-06-18 19:46:28,-33.01,17.94,59.0,54,0,4.7
214,Kruisfontein,ZA,2020-06-18 19:46:16,-34.0,24.73,57.04,44,0,6.49
215,Camacha,PT,2020-06-18 19:49:57,33.08,-16.33,69.8,83,20,9.17
216,Bodaybo,RU,2020-06-18 19:58:44,57.85,114.19,46.35,84,0,1.03
217,Aksu,CN,2020-06-18 19:58:44,41.12,80.26,77.85,25,100,4.09
218,Tilichiki,RU,2020-06-18 19:51:18,60.47,166.1,56.01,71,0,3.15
219,Altamira,BR,2020-06-18 19:49:51,-3.2,-52.21,89.6,55,40,6.93
220,De-Kastri,RU,2020-06-18 19:58:44,51.47,140.78,45.32,93,100,7.47
221,Quelimane,MZ,2020-06-18 19:58:45,-17.88,36.89,69.8,83,75,6.93
222,Barcelos,PT,2020-06-18 19:58:45,41.54,-8.62,64.99,77,0,10.29
223,Castro,BR,2020-06-18 19:58:45,-24.79,-50.01,63.64,81,100,5.86
224,Aksarka,RU,2020-06-18 19:51:54,66.56,67.8,38.21,76,56,6.17
225,Barra Do Garcas,BR,2020-06-18 19:58:46,-15.89,-52.26,87.8,52,76,5.82
226,Mondovi,IT,2020-06-18 19:58:46,44.4,7.82,66.2,88,40,8.05
227,Middle Island,US,2020-06-18 19:57:49,40.88,-72.94,77.0,73,75,6.93
228,Haines Junction,CA,2020-06-18 19:50:15,60.75,-137.51,62.11,45,100,2.93
229,Manggar,ID,2020-06-18 19:58:47,-2.88,108.27,77.92,91,100,9.17
230,Muravlenko,RU,2020-06-18 19:58:47,63.79,74.52,38.25,74,0,10.85
231,Muros,ES,2020-06-18 19:58:47,42.78,-9.06,64.0,66,0,5.99
232,Puerto Del Rosario,ES,2020-06-18 19:51:06,28.5,-13.86,73.4,78,40,11.41
233,Chapada Dos Guimaraes,BR,2020-06-18 19:54:14,-15.46,-55.75,91.4,31,22,6.93
234,Man,CI,2020-06-18 19:58:48,7.41,-7.55,72.52,94,76,4.14
235,Port Blair,IN,2020-06-18 19:50:07,11.67,92.75,82.83,83,99,11.9
236,Wad Madani,SD,2020-06-18 19:58:48,14.4,33.52,91.42,42,54,25.39
237,Kaitangata,NZ,2020-06-18 19:50:32,-46.28,169.85,40.91,83,39,10.18
238,Minot,US,2020-06-18 19:57:12,48.23,-101.3,57.2,62,90,18.34
239,Cidreira,BR,2020-06-18 19:49:55,-30.18,-50.21,72.48,72,62,7.29
240,Tucuman,AR,2020-06-18 19:55:15,-26.82,-65.22,71.6,28,33,5.82
241,Omsukchan,RU,2020-06-18 19:58:49,62.53,155.8,63.43,43,100,1.43
242,State College,US,2020-06-18 19:56:23,40.79,-77.86,78.01,60,40,9.17
243,Plettenberg Bay,ZA,2020-06-18 19:58:50,-34.05,23.37,63.54,43,0,8.01
244,Tobermory,CA,2020-06-18 19:58:50,45.25,-81.67,79.0,45,0,4.0
245,Djibo,BF,2020-06-18 19:51:08,14.1,-1.63,96.58,31,100,5.46
246,Mehamn,NO,2020-06-18 19:51:52,71.04,27.85,42.8,87,75,24.16
247,Kawalu,ID,2020-06-18 19:58:50,-7.38,108.21,73.02,92,92,1.9
248,Moville,US,2020-06-18 19:58:51,42.49,-96.07,82.99,65,40,12.75
249,Turukhansk,RU,2020-06-18 19:50:39,65.82,87.98,42.76,87,34,15.88
250,Souillac,MU,2020-06-18 19:50:24,-20.52,57.52,71.6,68,75,10.29
251,Shache,CN,2020-06-18 19:58:51,38.42,77.24,70.47,35,5,15.28
252,Sencha,UA,2020-06-18 19:58:13,50.25,33.35,66.06,78,95,4.92
253,Aykhal,RU,2020-06-18 19:51:47,66.0,111.5,55.4,58,90,6.71
254,Coihaique,CL,2020-06-18 19:58:47,-45.58,-72.07,51.8,57,40,5.82
255,Asau,RO,2020-06-18 19:51:03,46.43,26.4,63.0,93,36,3.47
256,Lethem,GY,2020-06-18 19:58:52,3.38,-59.8,84.79,73,51,4.5
257,Pangnirtung,CA,2020-06-18 19:51:04,66.15,-65.71,39.2,80,75,18.34
258,Awjilah,LY,2020-06-18 19:58:53,29.11,21.29,83.03,22,0,11.07
259,Bandarbeyla,SO,2020-06-18 19:58:53,9.49,50.81,80.51,73,99,30.49
260,Cody,US,2020-06-18 19:58:53,44.53,-109.06,64.0,51,75,9.17
261,Robertsport,LR,2020-06-18 19:58:53,6.75,-11.37,79.12,83,100,16.22
262,Upernavik,GL,2020-06-18 19:58:54,72.79,-56.15,36.39,81,0,10.78
263,Bratsk,RU,2020-06-18 19:58:54,56.13,101.61,55.4,58,0,8.95
264,Darhan,MN,2020-06-18 19:58:54,49.49,105.92,59.68,79,100,2.37
265,Charlottetown,CA,2020-06-18 19:57:02,46.24,-63.13,84.2,37,75,13.87
266,Sangar,RU,2020-06-18 19:58:54,63.92,127.47,62.42,51,99,3.6
267,Atherton,GB,2020-06-18 19:50:37,53.52,-2.49,57.99,93,100,3.0
268,Jacqueville,CI,2020-06-18 19:58:55,5.21,-4.41,80.6,83,20,5.82
269,Volgodonsk,RU,2020-06-18 19:58:55,47.51,42.15,71.64,48,100,8.34
270,Salinas,US,2020-06-18 19:47:31,36.68,-121.66,82.0,44,1,16.11
271,Sobolevo,RU,2020-06-18 19:58:55,54.43,31.9,66.45,86,1,6.69
272,Mardin,TR,2020-06-18 19:58:55,37.31,40.74,73.13,26,0,8.79
273,Kavaratti,IN,2020-06-18 19:51:49,10.57,72.64,84.13,80,97,15.84
274,Fuling,CN,2020-06-18 19:58:56,29.7,107.39,74.48,76,97,2.39
275,Vila Do Maio,CV,2020-06-18 19:58:56,15.13,-23.22,84.2,54,0,26.4
276,Panguipulli,CL,2020-06-18 19:58:56,-39.63,-72.33,59.0,77,75,11.41
277,Porto-Vecchio,FR,2020-06-18 19:57:53,41.59,9.28,68.0,82,0,2.24
278,Sinazongwe,ZM,2020-06-18 19:58:57,-17.26,27.46,64.24,49,11,2.08
279,Tasiilaq,GL,2020-06-18 19:50:01,65.61,-37.64,42.8,75,100,47.2
280,Ugoofaaru,MV,2020-06-18 19:58:57,5.67,73.0,83.7,75,27,7.18
281,Mount Isa,AU,2020-06-18 19:50:50,-20.73,139.5,62.6,72,0,3.36
282,Sisimiut,GL,2020-06-18 19:58:58,66.94,-53.67,41.85,67,45,14.2
283,Palencia,ES,2020-06-18 19:58:58,42.42,-4.5,68.0,40,20,11.54
284,Dong Xoai,VN,2020-06-18 19:58:58,11.53,106.92,75.54,90,99,2.51
285,Sistranda,NO,2020-06-18 19:58:43,63.73,8.83,59.0,72,20,5.82
286,Flin Flon,CA,2020-06-18 19:58:58,54.77,-101.86,42.8,87,90,14.99
287,Chicla,PE,2020-06-18 19:58:59,-11.71,-76.27,57.18,37,14,2.37
288,Komsomolskiy,UZ,2020-06-18 19:51:21,40.43,71.72,69.8,40,39,4.7
289,Yakeshi,CN,2020-06-18 19:58:59,49.28,120.73,52.56,91,97,4.27
290,Pochutla,MX,2020-06-18 19:56:00,15.74,-96.47,78.8,83,90,3.69
291,Coroico,BO,2020-06-18 19:58:59,-16.19,-67.73,60.8,8,37,9.17
292,Fairbanks,US,2020-06-18 19:49:43,64.84,-147.72,72.0,40,1,3.44
293,Luoyang,CN,2020-06-18 19:59:00,34.68,112.45,71.01,99,20,5.91
294,Constitucion,CL,2020-06-18 19:51:08,-35.33,-72.42,55.62,86,100,23.76
295,Kulhudhuffushi,MV,2020-06-18 19:56:05,6.62,73.07,84.16,77,63,9.6
296,Savannakhet,LA,2020-06-18 19:59:01,16.57,104.75,75.0,94,71,4.52
297,Forlev,DK,2020-06-18 19:59:01,55.38,11.28,68.0,1,94,4.7
298,Evensk,RU,2020-06-18 19:59:01,61.95,159.23,51.33,81,87,4.14
299,Ola,RU,2020-06-18 19:59:01,59.58,151.28,50.23,86,44,1.36
300,Galle,LK,2020-06-18 19:56:57,6.04,80.22,81.52,86,86,7.94
301,College,US,2020-06-18 19:59:02,64.86,-147.8,72.0,42,40,5.82
302,Bara,NG,2020-06-18 19:59:02,10.37,10.73,76.35,71,50,8.75
303,Otradnoye,RU,2020-06-18 19:59:02,59.78,30.82,69.8,68,75,6.71
304,Lahan,NP,2020-06-18 19:59:02,26.73,86.5,78.06,87,100,12.15
305,Tskaltubo,GE,2020-06-18 19:59:02,42.33,42.6,68.0,94,90,3.36
306,Beringovskiy,RU,2020-06-18 19:51:44,63.05,179.32,49.68,55,0,0.63
307,Nampula,MZ,2020-06-18 19:54:05,-15.12,39.27,62.64,98,22,5.64
308,Dwarka,IN,2020-06-18 19:51:27,22.24,68.97,85.39,81,0,22.41
309,Villamaria,CO,2020-06-18 19:59:03,5.04,-75.51,78.8,69,40,2.24
310,Meadow Lake,US,2020-06-18 19:59:03,34.8,-106.54,89.01,8,40,4.7
311,Sivaki,RU,2020-06-18 19:59:04,52.63,126.75,53.89,75,100,4.45
312,Iquique,CL,2020-06-18 19:58:21,-20.22,-70.14,62.6,72,90,5.82
313,Almaznyy,RU,2020-06-18 19:59:04,48.04,40.05,73.4,46,20,8.95
314,Sorrento,IT,2020-06-18 19:59:04,40.63,14.37,69.8,73,0,4.7
315,Grindavik,IS,2020-06-18 19:57:27,63.84,-22.43,50.0,81,75,24.16
316,Vikhorevka,RU,2020-06-18 19:59:05,56.12,101.16,55.4,58,1,8.95
317,Karatuzskoye,RU,2020-06-18 19:59:05,53.61,92.87,53.38,93,40,3.96
318,Trincomalee,LK,2020-06-18 19:59:05,8.57,81.23,82.69,77,98,16.82
319,Port Hardy,CA,2020-06-18 19:59:05,50.7,-127.42,59.0,82,90,4.7
320,Salalah,OM,2020-06-18 19:59:06,17.02,54.09,84.2,89,20,4.7
321,Umm Lajj,SA,2020-06-18 19:59:06,25.02,37.27,83.48,51,0,10.16
322,Fredericksburg,US,2020-06-18 19:58:53,38.3,-77.46,80.6,61,90,8.05
323,Kaeo,NZ,2020-06-18 19:50:04,-35.1,173.78,46.0,3,0,1.01
324,Sinnamary,GF,2020-06-18 19:51:35,5.38,-52.95,79.88,83,77,10.33
325,Awbari,LY,2020-06-18 19:59:07,26.59,12.78,84.36,14,0,8.79
326,Wiarton,CA,2020-06-18 19:59:07,44.74,-81.13,77.0,57,20,4.7
327,La Ronge,CA,2020-06-18 19:59:07,55.1,-105.28,57.2,41,75,11.41
328,Alta Floresta,BR,2020-06-18 19:59:07,-9.88,-56.09,89.6,43,40,8.05
329,Makakilo City,US,2020-06-18 19:54:08,21.35,-158.09,78.8,83,90,5.82
330,Filingue,NE,2020-06-18 19:59:08,14.35,3.32,97.83,30,100,4.32
331,Port Pirie,AU,2020-06-18 19:59:08,-33.18,138.02,55.4,50,0,17.22
332,Sao Filipe,CV,2020-06-18 19:51:49,14.9,-24.5,80.55,63,0,14.97
333,Noumea,NC,2020-06-18 19:58:32,-22.28,166.46,64.4,88,96,3.36
334,Saint-Joseph,RE,2020-06-18 19:57:38,-21.37,55.62,69.8,68,40,12.75
335,Seymchan,RU,2020-06-18 19:59:09,62.88,152.43,68.56,41,100,1.03
336,Oeiras,BR,2020-06-18 19:59:09,-7.03,-42.13,83.97,42,0,5.39
337,Jiexiu,CN,2020-06-18 19:59:09,37.02,111.91,68.38,65,72,2.95
338,Worland,US,2020-06-18 19:59:09,44.02,-107.96,66.99,39,1,5.82
339,Athens,GR,2020-06-18 19:56:16,37.98,23.72,79.0,47,20,8.81
340,Aswan,EG,2020-06-18 19:59:10,24.09,32.91,86.81,16,25,14.81
341,Inirida,CO,2020-06-18 19:59:10,3.87,-67.92,80.04,89,34,4.05
342,Soe,ID,2020-06-18 19:50:56,-9.86,124.28,63.79,100,62,3.87
343,Vostok,RU,2020-06-18 19:49:59,46.49,135.88,46.45,100,92,1.41
344,Lakes Entrance,AU,2020-06-18 19:59:11,-37.88,147.98,47.53,75,46,5.19
345,Necochea,AR,2020-06-18 19:54:55,-38.55,-58.74,53.01,89,2,4.0
346,Nuuk,GL,2020-06-18 19:57:11,64.18,-51.72,42.8,75,75,12.75
347,Vanimo,PG,2020-06-18 19:59:11,-2.67,141.3,77.5,86,8,4.29
348,Trujillo,PE,2020-06-18 19:57:41,-8.12,-79.03,68.23,72,9,10.09
349,Waipawa,NZ,2020-06-18 19:59:12,-41.41,175.52,53.01,93,100,25.28
350,Calamar,CO,2020-06-18 19:59:12,10.25,-74.91,91.4,63,20,9.17
351,Baudh,IN,2020-06-18 19:59:12,20.84,84.32,82.38,71,91,3.56
352,Sokol,RU,2020-06-18 19:59:12,59.46,40.12,58.68,82,100,6.76
353,Cururupu,BR,2020-06-18 19:51:46,-1.83,-44.87,78.49,93,52,4.36
354,Yumen,CN,2020-06-18 19:58:37,40.28,97.2,69.75,21,25,4.27
355,Mogzon,RU,2020-06-18 19:59:13,51.74,111.96,45.54,64,1,1.12
356,Nemuro,JP,2020-06-18 19:59:13,43.32,145.57,53.96,95,95,7.7
357,Richards Bay,ZA,2020-06-18 19:51:20,-28.78,32.04,58.66,80,93,2.86
358,Mahajanga,MG,2020-06-18 19:59:13,-15.72,46.32,77.0,50,20,11.41
359,Qaqortoq,GL,2020-06-18 19:56:01,60.72,-46.03,46.4,61,40,9.17
360,Ahuimanu,US,2020-06-18 19:59:14,21.44,-157.84,80.6,69,75,12.75
361,Te Anau,NZ,2020-06-18 19:50:31,-45.42,167.72,31.5,96,43,0.49
362,Diffa,NE,2020-06-18 19:59:14,13.32,12.61,88.21,47,12,8.37
363,Tumut,AU,2020-06-18 19:59:15,-35.3,148.22,43.14,83,0,2.55
364,Kunda,IN,2020-06-18 19:59:15,25.72,81.52,84.79,73,100,5.21
365,Svetlogorsk,BY,2020-06-18 19:51:05,52.63,29.73,66.79,86,44,7.96
366,Sarakhs,IR,2020-06-18 19:59:15,36.54,61.16,82.4,17,0,4.7
367,Maymyo,MM,2020-06-18 19:59:15,22.03,96.47,67.24,99,100,1.25
368,Iskateley,RU,2020-06-18 19:59:16,67.68,53.15,45.25,58,100,5.93
369,Sao Goncalo Do Sapucai,BR,2020-06-18 19:59:16,-21.89,-45.6,63.73,72,42,3.06
370,San Vicente,AR,2020-06-18 19:59:16,-26.62,-54.13,71.51,72,54,5.1
371,Eyrarbakki,IS,2020-06-18 19:51:10,63.86,-21.15,53.6,54,75,17.22
372,Cherskiy,RU,2020-06-18 19:50:05,68.75,161.3,69.13,36,0,7.52
373,Rio Grande,BR,2020-06-18 19:55:02,-32.03,-52.1,64.4,88,75,1.12
374,Annau,TM,2020-06-18 19:59:18,37.89,58.52,86.0,19,0,11.41
375,Puerto Escondido,MX,2020-06-18 19:50:43,15.85,-97.07,89.6,66,75,9.17
376,Sharjah,AE,2020-06-18 19:59:19,25.36,55.4,93.2,67,35,6.93
377,Vaitape,PF,2020-06-18 19:59:19,-16.52,-151.75,80.73,78,100,4.29
378,Lompoc,US,2020-06-18 19:57:29,34.64,-120.46,69.8,64,0,13.87
379,Dalvik,IS,2020-06-18 19:59:19,65.97,-18.53,57.2,54,0,4.7
380,Gubkinskiy,RU,2020-06-18 19:59:19,64.43,76.5,39.09,72,35,12.48
381,Vila Velha,BR,2020-06-18 19:50:46,-20.33,-40.29,75.2,73,2,5.82
382,Hami,CN,2020-06-18 19:59:20,42.8,93.45,82.02,21,32,18.52
383,Yerofey Pavlovich,RU,2020-06-18 19:59:20,53.97,121.97,52.43,93,100,6.24
384,Kavarna,BG,2020-06-18 19:59:20,43.43,28.33,66.2,93,75,6.93
385,Merauke,ID,2020-06-18 19:59:21,-8.47,140.33,78.21,79,56,17.09
386,Carnarvon,AU,2020-06-18 19:59:21,-24.87,113.63,59.0,72,0,11.41
387,Wilmington,US,2020-06-18 19:57:03,34.23,-77.94,78.8,57,75,8.05
388,Dalby,AU,2020-06-18 19:59:21,-27.18,151.27,48.99,98,0,14.12
389,Hellin,ES,2020-06-18 19:59:21,38.51,-1.7,75.2,53,20,12.75
390,Saint George,US,2020-06-18 19:49:47,37.1,-113.58,87.01,12,1,9.17
391,Uromi,NG,2020-06-18 19:59:22,6.7,6.33,69.91,100,100,5.73
392,Hurghada,EG,2020-06-18 19:59:22,27.26,33.81,89.6,22,0,23.04
393,Bowling Green,US,2020-06-18 19:59:22,36.99,-86.44,82.4,48,40,6.35
394,Russkaya Polyana,UA,2020-06-18 19:59:22,49.42,31.92,66.96,83,99,9.62
395,Pontes E Lacerda,BR,2020-06-18 19:59:23,-15.23,-59.34,87.78,41,85,5.39
396,Jalu,LY,2020-06-18 19:51:22,29.03,21.55,83.88,23,0,12.08
397,Nabire,ID,2020-06-18 19:59:23,-3.37,135.48,76.91,87,67,2.64
398,Husavik,IS,2020-06-18 19:50:18,66.04,-17.34,57.2,54,75,4.7
399,Bahia Honda,CU,2020-06-18 19:59:23,22.9,-83.16,85.68,71,46,3.91
400,Vardo,NO,2020-06-18 19:51:09,70.37,31.11,44.6,81,39,16.11
401,Pocatello,US,2020-06-18 19:59:24,42.87,-112.45,64.0,48,20,4.7
402,Orlik,RU,2020-06-18 19:59:24,52.52,99.83,54.12,74,99,2.24
403,Ponta Delgada,PT,2020-06-18 19:59:24,37.73,-25.67,64.4,82,75,12.75
404,Chapais,CA,2020-06-18 19:59:24,49.78,-74.85,91.4,22,1,12.75
405,Canon City,US,2020-06-18 19:59:25,38.44,-105.24,75.2,23,1,9.17
406,Kalmunai,LK,2020-06-18 19:59:25,7.42,81.82,82.35,75,69,4.45
407,Kirensk,RU,2020-06-18 19:59:25,57.79,108.11,45.21,92,0,3.44
408,Hovd,MN,2020-06-18 19:59:25,48.01,91.64,61.79,33,100,8.01
409,Labuhan,ID,2020-06-18 19:50:44,-6.88,112.21,77.95,87,1,7.16
410,Itoman,JP,2020-06-18 19:59:25,26.12,127.67,82.4,94,20,16.11
411,Hohhot,CN,2020-06-18 19:59:26,40.81,111.65,60.8,63,0,6.71
412,Labuan,MY,2020-06-18 19:59:26,5.28,115.24,78.8,94,75,3.36
413,Santa Cruz,BO,2020-06-18 19:59:26,-17.8,-63.17,86.0,51,40,19.46
414,Tevaitoa,PF,2020-06-18 19:59:26,-16.78,-151.5,80.4,77,100,3.44
415,Jumla,NP,2020-06-18 19:58:32,29.27,82.18,60.39,71,63,0.47
416,Bani,DO,2020-06-18 19:59:27,18.28,-70.33,91.4,59,40,16.11
417,Castrillon,ES,2020-06-18 19:59:27,43.4,-6.79,60.8,77,90,2.24
418,Buala,SB,2020-06-18 19:50:35,-8.14,159.59,80.47,78,0,3.13
419,Port Macquarie,AU,2020-06-18 19:47:02,-31.43,152.92,53.01,97,70,2.42
420,Sibolga,ID,2020-06-18 19:59:28,1.74,98.78,75.94,77,61,4.05
421,Jarva-Jaani,EE,2020-06-18 19:59:28,59.04,25.89,64.24,95,80,5.17
422,Vila Franca Do Campo,PT,2020-06-18 19:59:28,37.72,-25.43,64.4,82,75,12.75
423,Deputatskiy,RU,2020-06-18 19:59:29,69.3,139.9,70.86,48,55,1.3
424,Lakshettipet,IN,2020-06-18 19:59:29,18.87,79.22,80.8,76,87,8.95
425,Khani,GE,2020-06-18 19:50:35,41.96,42.96,68.0,94,90,3.36
426,Barrhead,GB,2020-06-18 19:59:29,55.8,-4.39,59.0,72,61,16.11
427,Kouango,CF,2020-06-18 19:59:29,4.99,19.96,73.81,90,100,1.77
428,Pahrump,US,2020-06-18 19:57:29,36.21,-115.98,93.99,6,0,1.99
429,Ambon,ID,2020-06-18 19:59:30,-3.7,128.18,80.01,14,14,12.44
430,Faanui,PF,2020-06-18 19:50:02,-16.48,-151.75,79.9,79,100,3.94
431,Coahuayana,MX,2020-06-18 19:59:30,18.73,-103.68,87.8,55,40,11.41
432,Bartlesville,US,2020-06-18 19:59:31,36.75,-95.98,91.4,43,20,13.87
433,Alberton,CA,2020-06-18 19:59:31,46.82,-64.07,79.57,60,19,16.67
434,Arman,RU,2020-06-18 19:49:59,59.7,150.17,51.76,85,72,1.88
435,Namibe,AO,2020-06-18 19:51:32,-15.2,12.15,71.35,71,0,2.93
436,Ixtapa,MX,2020-06-18 19:50:41,20.7,-105.2,87.8,45,5,10.29
437,Mastic Beach,US,2020-06-18 19:59:32,40.77,-72.85,75.99,73,75,6.93
438,Farafangana,MG,2020-06-18 19:59:32,-22.82,47.83,66.92,83,15,7.83
439,Homa Bay,KE,2020-06-18 19:59:32,-0.53,34.46,73.4,78,40,3.36
440,Sorland,NO,2020-06-18 19:59:32,67.67,12.69,48.2,81,40,18.34
441,Esso,RU,2020-06-18 19:59:32,55.93,158.7,54.41,71,100,3.91
442,Najran,SA,2020-06-18 19:46:34,17.49,44.13,87.8,14,40,2.93
443,Maraa,BR,2020-06-18 19:59:33,-1.83,-65.37,84.02,79,94,2.68
444,Beidao,CN,2020-06-18 19:59:33,34.57,105.89,64.18,57,64,4.29
445,Dargaville,NZ,2020-06-18 19:59:33,-35.93,173.88,46.04,92,8,5.91
446,Tena,EC,2020-06-18 19:59:34,-0.98,-77.82,86.0,66,40,3.36
447,Stara Moravica,RS,2020-06-18 19:59:34,45.87,19.47,66.2,88,40,4.7
448,Kenai,US,2020-06-18 19:51:25,60.55,-151.26,60.8,55,40,4.7
449,Puerto Carreno,CO,2020-06-18 19:59:09,6.19,-67.49,82.4,78,40,5.82
450,Fort Nelson,CA,2020-06-18 19:59:35,58.81,-122.7,69.8,60,40,3.36
451,Yima,CN,2020-06-18 19:59:35,34.74,111.88,71.01,99,82,5.93
452,Ormara,PK,2020-06-18 19:51:33,25.21,64.64,84.13,85,3,9.17
453,Itarema,BR,2020-06-18 19:59:36,-2.92,-39.92,81.0,77,46,12.33
454,Hatta,IN,2020-06-18 19:59:36,24.12,79.6,81.3,70,100,15.37
455,Kiama,AU,2020-06-18 19:59:36,-34.68,150.87,48.0,83,3,7.0
456,Changji,CN,2020-06-18 19:59:36,44.02,87.32,69.8,46,85,2.24
457,Namatanai,PG,2020-06-18 19:59:37,-3.67,152.43,79.7,82,3,5.97
458,Kisiwani,TZ,2020-06-18 19:59:37,-4.13,37.95,67.51,76,70,4.12
459,Jijiga,ET,2020-06-18 19:59:37,9.35,42.8,63.9,76,83,11.14
460,Peniche,PT,2020-06-18 19:59:38,39.36,-9.38,66.99,76,0,10.0
461,Axim,GH,2020-06-18 19:59:38,4.87,-2.24,77.36,84,100,8.52
462,Bonthe,SL,2020-06-18 19:58:08,7.53,-12.51,79.03,87,100,8.75
463,San Luis,AR,2020-06-18 19:59:38,-33.3,-66.34,63.63,28,90,10.76
464,Presidencia Roque Saenz Pena,AR,2020-06-18 19:59:38,-26.79,-60.44,79.0,52,12,1.99
465,Susanville,US,2020-06-18 19:57:15,40.42,-120.65,73.4,22,1,5.82
466,Seminole,US,2020-06-18 19:59:39,28.71,-81.21,90.0,52,75,9.17
467,Tacuarembo,UY,2020-06-18 19:59:39,-31.73,-55.98,61.05,82,99,9.48
468,Urumqi,CN,2020-06-18 19:59:39,43.8,87.6,69.8,46,100,2.24
469,Verkhnyaya Sinyachikha,RU,2020-06-18 19:59:39,57.98,61.67,43.25,72,50,2.59
470,Zhigansk,RU,2020-06-18 19:51:49,66.77,123.37,61.72,63,4,5.61
471,Igboho,NG,2020-06-18 19:59:40,8.83,3.75,73.15,92,100,6.93
472,Muisne,EC,2020-06-18 19:59:40,0.6,-80.03,80.6,94,90,8.05
473,Gejiu,CN,2020-06-18 19:59:40,23.31,103.16,60.04,100,91,4.16
474,Celestun,MX,2020-06-18 19:59:41,20.87,-90.4,87.1,63,3,9.69
475,Talcahuano,CL,2020-06-18 19:59:41,-36.72,-73.12,53.6,93,90,12.75
476,Tsabong,BW,2020-06-18 19:51:23,-26.02,22.4,52.88,44,0,7.27
477,Hambantota,LK,2020-06-18 19:46:19,6.12,81.12,80.6,94,55,6.93
478,Dawlatabad,AF,2020-06-18 19:59:41,36.41,64.91,73.71,19,0,1.77
479,Fatezh,RU,2020-06-18 19:59:42,52.09,35.86,75.2,57,99,11.18
480,Caiaponia,BR,2020-06-18 19:59:42,-16.96,-51.81,77.09,54,91,4.0
481,Campbell River,CA,2020-06-18 19:59:42,50.02,-125.24,66.2,59,75,3.36
482,Melioratorov,RU,2020-06-18 19:59:42,57.21,65.61,44.6,81,2,6.71
483,Mehran,IR,2020-06-18 19:59:42,33.12,46.16,73.4,31,0,4.7
484,Saint-Augustin,CA,2020-06-18 19:59:43,51.23,-58.65,57.76,93,100,2.28
485,Harper,LR,2020-06-18 19:59:43,4.38,-7.72,78.57,77,86,6.64
486,Bengkulu,ID,2020-06-18 19:46:16,-3.8,102.27,75.96,89,97,4.34
487,Severo-Yeniseyskiy,RU,2020-06-18 19:59:43,60.37,93.04,51.78,71,85,5.37
488,San Martin,AR,2020-06-18 19:59:43,-33.08,-68.47,60.8,31,20,8.05
489,Morgan City,US,2020-06-18 19:59:43,29.7,-91.21,89.01,48,1,3.98
490,Cuajinicuilapa,MX,2020-06-18 19:59:44,16.47,-98.42,93.97,46,68,12.3
491,Ranau,MY,2020-06-18 19:59:44,5.95,116.66,75.2,100,20,4.7
492,Auki,SB,2020-06-18 19:51:28,-8.77,160.7,78.3,85,1,3.2
493,Port Augusta,AU,2020-06-18 19:56:56,-32.5,137.77,55.4,50,0,17.22
494,Vredendal,ZA,2020-06-18 19:59:44,-31.67,18.5,65.23,34,0,14.56
495,Marrakesh,MA,2020-06-18 19:59:45,31.63,-8.01,77.0,47,75,10.29
496,Taoudenni,ML,2020-06-18 19:55:14,22.68,-3.98,105.4,8,0,11.03
497,Dehloran,IR,2020-06-18 19:59:45,32.69,47.27,93.29,13,0,8.14
498,Asheville,US,2020-06-18 19:57:54,35.6,-82.55,70.0,82,90,8.05
499,Ganzhou,CN,2020-06-18 19:59:45,28.82,115.43,70.75,92,96,4.88
500,Black River,JM,2020-06-18 19:59:46,18.03,-77.85,84.2,79,40,5.82
501,Kirakira,SB,2020-06-18 19:59:46,-10.45,161.92,79.75,84,7,10.16
502,Ifo,NG,2020-06-18 19:59:46,6.81,3.2,73.4,100,20,4.7
503,General Roca,AR,2020-06-18 19:59:47,-39.03,-67.58,57.2,44,100,6.93
504,Tamuin,MX,2020-06-18 19:59:47,21.98,-98.75,93.27,49,27,7.11
505,Curillo,CO,2020-06-18 19:59:47,1.03,-75.92,86.05,63,81,3.44
506,Pagudpud,PH,2020-06-18 19:59:47,18.56,120.79,80.71,74,22,2.95
507,El Alto,PE,2020-06-18 19:51:36,-4.27,-81.21,78.8,65,0,17.22
508,Point Pedro,LK,2020-06-18 19:59:48,9.82,80.23,83.97,80,99,18.21
509,Maumere,ID,2020-06-18 19:59:48,-8.62,122.21,78.89,82,19,7.16
510,Srandakan,ID,2020-06-18 19:59:48,-7.94,110.25,77.27,86,43,10.96
511,Kahului,US,2020-06-18 19:57:32,20.89,-156.47,84.2,54,20,24.16
512,Nara,JP,2020-06-18 19:57:37,34.69,135.8,64.99,98,100,7.02
513,Daru,PG,2020-06-18 19:59:49,-9.08,143.21,78.17,83,100,16.49
514,Half Moon Bay,US,2020-06-18 19:57:28,37.46,-122.43,90.0,55,1,10.29
515,Todos Santos,MX,2020-06-18 19:59:49,23.45,-110.22,72.0,79,0,7.0
516,Victoria Point,AU,2020-06-18 19:59:49,-27.58,153.3,60.01,81,92,10.4
517,Helong,CN,2020-06-18 19:59:50,42.54,129.0,55.35,90,99,2.59
518,Filadelfia,US,2020-06-18 19:50:01,39.95,-75.16,82.99,61,40,8.05
519,Marand,IR,2020-06-18 19:57:11,38.43,45.77,77.0,29,20,9.17
520,The Valley,AI,2020-06-18 19:59:51,18.22,-63.06,89.6,66,40,16.11
521,Launceston,AU,2020-06-18 19:59:51,-41.45,147.17,42.01,100,100,6.93
522,Dali,CN,2020-06-18 19:59:51,25.7,100.18,62.02,81,100,3.44
523,Nelson Bay,AU,2020-06-18 19:59:52,-32.72,152.15,50.0,100,90,4.7
524,Sao Felix Do Xingu,BR,2020-06-18 19:59:52,-6.64,-51.99,83.44,57,55,5.93
525,Boden,SE,2020-06-18 19:50:17,65.83,21.69,62.6,93,31,5.82
526,Barabai,ID,2020-06-18 19:59:52,-2.58,115.38,74.77,94,96,1.12
527,Mayo,US,2020-06-18 19:59:53,38.89,-76.51,81.0,73,1,9.17
528,Punta Cardon,VE,2020-06-18 19:59:53,11.66,-70.22,84.49,68,0,29.62
529,Srostki,RU,2020-06-18 19:59:53,52.42,85.7,53.31,75,28,6.93
530,Ekibastuz,KZ,2020-06-18 19:59:53,51.67,75.37,55.11,63,100,12.19
531,Okha,RU,2020-06-18 19:50:46,53.57,142.95,39.6,97,100,9.1
532,Witu,KE,2020-06-18 19:59:54,-2.39,40.44,76.41,83,64,15.37
533,Jaque,PA,2020-06-18 19:59:54,7.52,-78.17,82.98,74,100,3.58
534,Omboue,GA,2020-06-18 19:51:18,-1.57,9.26,73.0,88,94,6.22
535,Milas,TR,2020-06-18 19:59:55,37.32,27.78,75.2,57,0,4.7
536,Myitkyina,MM,2020-06-18 19:59:55,25.38,97.4,75.6,96,100,1.79
537,Adrar,MR,2020-06-18 19:46:07,20.5,-10.07,101.43,14,56,14.25
538,Poum,NC,2020-06-18 19:59:55,-20.23,164.02,74.39,75,100,14.07
539,Da Nang,VN,2020-06-18 19:59:56,16.07,108.22,82.4,78,20,2.24
540,Veliko Gradiste,RS,2020-06-18 19:59:56,44.76,21.51,64.0,92,67,5.14
541,Biak,ID,2020-06-18 19:59:56,-0.91,122.88,77.13,82,68,6.96
